{
    "note": "Hello! If you change this file manually, please be sure to restart your changedetection.io instance!",
    "watching": {
        "69b2b9cd-5494-4b42-8bf5-f65a4d7c0f22": {
            "body": null,
            "check_unique_lines": false,
            "check_count": 1,
            "consecutive_filter_failures": 0,
            "extract_text": [],
            "extract_title_as_title": false,
            "fetch_backend": "html_requests",
            "filter_failure_notification_send": 1,
            "headers": {},
            "ignore_text": [],
            "include_filters": [],
            "last_checked": 1670147132,
            "last_error": false,
            "last_viewed": 0,
            "method": "GET",
            "notification_body": null,
            "notification_format": "System default",
            "notification_muted": false,
            "notification_title": null,
            "notification_screenshot": false,
            "notification_urls": [],
            "paused": false,
            "previous_md5": "fac195f63e94d110c2ff769dcdc1211e",
            "proxy": null,
            "subtractive_selectors": [],
            "tag": "",
            "text_should_not_be_present": [],
            "time_between_check": {
                "weeks": null,
                "days": null,
                "hours": null,
                "minutes": null,
                "seconds": null
            },
            "title": null,
            "trigger_text": [],
            "url": "http://localhost:5005/test-endpoint",
            "uuid": "69b2b9cd-5494-4b42-8bf5-f65a4d7c0f22",
            "webdriver_delay": null,
            "webdriver_js_execute_code": null,
            "last_notification_error": false,
            "last_check_status": 200,
            "fetch_time": 0.016
        }
    },
    "settings": {
        "headers": {},
        "requests": {
            "timeout": 45,
            "time_between_check": {
                "weeks": null,
                "days": null,
                "hours": 3,
                "minutes": null,
                "seconds": null
            },
            "jitter_seconds": 0,
            "workers": 10,
            "proxy": null
        },
        "application": {
            "api_access_token_enabled": true,
            "password": false,
            "base_url": "",
            "extract_title_as_title": false,
            "empty_pages_are_a_change": false,
            "fetch_backend": "html_requests",
            "filter_failure_notification_threshold_attempts": 6,
            "global_ignore_text": [],
            "global_subtractive_selectors": [],
            "ignore_whitespace": true,
            "render_anchor_tag_content": false,
            "notification_urls": [],
            "notification_title": "ChangeDetection.io Notification - {watch_url}",
            "notification_body": "{watch_url} had a change.\n---\n{diff}\n---\n",
            "notification_format": "Text",
            "schema_version": 8,
            "webdriver_delay": null,
            "rss_access_token": "b0342af8b0eea742295649a75b1a0bf5",
            "api_access_token": "124a88f4144cec95f7a0cd006b2f450c"
        }
    },
    "version_tag": "0.0.0",
    "app_guid": "test-eaea510a-d894-4509-aab9-68df09ca5029"
}