{
    "note": "Hello! If you change this file manually, please be sure to restart your changedetection.io instance!",
    "watching": {
        "cbef3193-d7ad-4bc4-9dd7-180b6a09fb7f": {
            "url": "http://localhost:5005/test-endpoint",
            "tag": "",
            "last_checked": 1666862496,
            "paused": false,
            "last_viewed": 0,
            "title": null,
            "previous_md5": "fac195f63e94d110c2ff769dcdc1211e",
            "uuid": "cbef3193-d7ad-4bc4-9dd7-180b6a09fb7f",
            "headers": {},
            "body": null,
            "method": "GET",
            "ignore_text": [],
            "notification_urls": [],
            "notification_title": null,
            "notification_body": null,
            "notification_format": "System default",
            "notification_muted": false,
            "css_filter": "",
            "last_error": false,
            "extract_text": [],
            "subtractive_selectors": [],
            "trigger_text": [],
            "text_should_not_be_present": [],
            "fetch_backend": "html_requests",
            "filter_failure_notification_send": 1,
            "consecutive_filter_failures": 0,
            "extract_title_as_title": false,
            "check_unique_lines": false,
            "proxy": null,
            "time_between_check": {
                "weeks": null,
                "days": null,
                "hours": null,
                "minutes": null,
                "seconds": null
            },
            "webdriver_delay": null,
            "webdriver_js_execute_code": null,
            "last_notification_error": false,
            "last_check_status": 200,
            "fetch_time": 0.054
        }
    },
    "settings": {
        "headers": {},
        "requests": {
            "timeout": 45,
            "time_between_check": {
                "weeks": null,
                "days": null,
                "hours": 3,
                "minutes": null,
                "seconds": null
            },
            "jitter_seconds": 0,
            "workers": 10,
            "proxy": null
        },
        "application": {
            "api_access_token_enabled": true,
            "password": false,
            "base_url": "",
            "extract_title_as_title": false,
            "empty_pages_are_a_change": false,
            "fetch_backend": "html_requests",
            "filter_failure_notification_threshold_attempts": 6,
            "global_ignore_text": [],
            "global_subtractive_selectors": [],
            "ignore_whitespace": true,
            "render_anchor_tag_content": false,
            "notification_urls": [],
            "notification_title": "ChangeDetection.io Notification - {watch_url}",
            "notification_body": "{watch_url} had a change.\n---\n{diff}\n---\n",
            "notification_format": "Text",
            "schema_version": 7,
            "webdriver_delay": null,
            "rss_access_token": "e6d26b00bf03a0118b494ca798c462a6",
            "api_access_token": "bc7fd580c67791cd1328ea458e4c81dd"
        }
    },
    "version_tag": "0.0.0",
    "app_guid": "test-c2c34c79-3c3b-4739-8142-1cd4681717dd"
}