{
    "note": "Hello! If you change this file manually, please be sure to restart your changedetection.io instance!",
    "watching": {
        "6e67d360-0676-405d-9217-7751e7e0acee": {
            "body": null,
            "check_unique_lines": false,
            "check_count": 1,
            "consecutive_filter_failures": 0,
            "extract_text": [],
            "extract_title_as_title": false,
            "fetch_backend": "system",
            "filter_failure_notification_send": 1,
            "has_ldjson_price_data": false,
            "track_ldjson_price_data": null,
            "headers": {},
            "ignore_text": [],
            "include_filters": [],
            "last_checked": 1678635228,
            "last_error": false,
            "last_viewed": 0,
            "method": "GET",
            "notification_body": null,
            "notification_format": "System default",
            "notification_muted": false,
            "notification_title": null,
            "notification_screenshot": false,
            "notification_urls": [],
            "paused": false,
            "previous_md5": "fac195f63e94d110c2ff769dcdc1211e",
            "previous_md5_before_filters": "e2b16ad1fa6e03bb65cdeb5f889c234e",
            "proxy": null,
            "subtractive_selectors": [],
            "tag": "",
            "text_should_not_be_present": [],
            "time_between_check": {
                "weeks": null,
                "days": null,
                "hours": null,
                "minutes": null,
                "seconds": null
            },
            "title": null,
            "trigger_text": [],
            "url": "http://localhost:5005/test-endpoint",
            "uuid": "6e67d360-0676-405d-9217-7751e7e0acee",
            "webdriver_delay": null,
            "webdriver_js_execute_code": null,
            "last_notification_error": false,
            "content_type": "text/html",
            "last_check_status": 200,
            "fetch_time": 0.018
        }
    },
    "settings": {
        "headers": {},
        "requests": {
            "extra_proxies": [],
            "jitter_seconds": 0,
            "proxy": null,
            "time_between_check": {
                "weeks": null,
                "days": null,
                "hours": 3,
                "minutes": null,
                "seconds": null
            },
            "timeout": 45,
            "workers": 10
        },
        "application": {
            "api_access_token_enabled": true,
            "password": false,
            "base_url": "",
            "extract_title_as_title": false,
            "empty_pages_are_a_change": false,
            "fetch_backend": "html_requests",
            "filter_failure_notification_threshold_attempts": 6,
            "global_ignore_text": [],
            "global_subtractive_selectors": [],
            "ignore_whitespace": true,
            "render_anchor_tag_content": false,
            "notification_urls": [],
            "notification_title": "ChangeDetection.io Notification - {{watch_url}}",
            "notification_body": "{{watch_url}} had a change.\n---\n{{diff}}\n---\n",
            "notification_format": "Text",
            "schema_version": 10,
            "shared_diff_access": false,
            "webdriver_delay": null,
            "rss_access_token": "955b6cf0445e215c727f16f1b9897d46",
            "api_access_token": "3ea9a63aef1d9ecb5a60e1d9f0731d62"
        }
    },
    "version_tag": "0.0.0",
    "app_guid": "test-9a021940-7c6e-40b3-8861-ca1c452f3591"
}