{
    "note": "Hello! If you change this file manually, please be sure to restart your changedetection.io instance!",
    "watching": {
        "40ede78c-9e27-4a50-891d-d8dec14afd29": {
            "body": null,
            "check_unique_lines": false,
            "check_count": 1,
            "consecutive_filter_failures": 0,
            "extract_text": [],
            "extract_title_as_title": false,
            "fetch_backend": "system",
            "processor": "text_json_diff",
            "filter_failure_notification_send": 1,
            "has_ldjson_price_data": false,
            "track_ldjson_price_data": null,
            "headers": {},
            "ignore_text": [],
            "include_filters": [],
            "last_checked": 1679129936,
            "last_error": false,
            "last_viewed": 0,
            "method": "GET",
            "notification_body": null,
            "notification_format": "System default",
            "notification_muted": false,
            "notification_title": null,
            "notification_screenshot": false,
            "notification_urls": [],
            "paused": false,
            "previous_md5": "fac195f63e94d110c2ff769dcdc1211e",
            "previous_md5_before_filters": "754151a200c188b4cf3c9cea862247ab",
            "proxy": null,
            "subtractive_selectors": [],
            "tag": "",
            "text_should_not_be_present": [],
            "time_between_check": {
                "weeks": null,
                "days": null,
                "hours": null,
                "minutes": null,
                "seconds": null
            },
            "title": null,
            "trigger_text": [],
            "url": "http://localhost:5005/test-endpoint",
            "uuid": "40ede78c-9e27-4a50-891d-d8dec14afd29",
            "webdriver_delay": null,
            "webdriver_js_execute_code": null,
            "last_notification_error": false,
            "content_type": "text/html",
            "last_check_status": 200,
            "fetch_time": 0.013
        }
    },
    "settings": {
        "headers": {},
        "requests": {
            "extra_proxies": [],
            "jitter_seconds": 0,
            "proxy": null,
            "time_between_check": {
                "weeks": null,
                "days": null,
                "hours": 3,
                "minutes": null,
                "seconds": null
            },
            "timeout": 45,
            "workers": 10
        },
        "application": {
            "api_access_token_enabled": true,
            "password": false,
            "base_url": "",
            "extract_title_as_title": false,
            "empty_pages_are_a_change": false,
            "fetch_backend": "html_requests",
            "filter_failure_notification_threshold_attempts": 6,
            "global_ignore_text": [],
            "global_subtractive_selectors": [],
            "ignore_whitespace": true,
            "render_anchor_tag_content": false,
            "notification_urls": [],
            "notification_title": "ChangeDetection.io Notification - {{watch_url}}",
            "notification_body": "{{watch_url}} had a change.\n---\n{{diff}}\n---\n",
            "notification_format": "Text",
            "schema_version": 10,
            "shared_diff_access": false,
            "webdriver_delay": null,
            "rss_access_token": "1963fd42995d57f643917928c9e29bac",
            "api_access_token": "0d25d9e1c229cbaa60456c18ff4f4d4a"
        }
    },
    "version_tag": "0.0.0",
    "app_guid": "test-268bf97d-fad5-4400-9bde-c401bc354bf8"
}