{
    "note": "Hello! If you change this file manually, please be sure to restart your changedetection.io instance!",
    "watching": {
        "023f79c9-993b-483e-bfc0-f636b4917f4b": {
            "body": null,
            "check_unique_lines": false,
            "check_count": 1,
            "date_created": null,
            "consecutive_filter_failures": 0,
            "extract_text": [],
            "extract_title_as_title": false,
            "fetch_backend": "system",
            "processor": "text_json_diff",
            "filter_failure_notification_send": 1,
            "filter_text_added": true,
            "filter_text_replaced": true,
            "filter_text_removed": true,
            "has_ldjson_price_data": false,
            "track_ldjson_price_data": null,
            "headers": {},
            "ignore_text": [],
            "in_stock_only": true,
            "include_filters": [],
            "last_checked": 1686755083,
            "last_error": false,
            "last_viewed": 0,
            "method": "GET",
            "notification_body": null,
            "notification_format": "System default",
            "notification_muted": false,
            "notification_title": null,
            "notification_screenshot": false,
            "notification_urls": [],
            "paused": false,
            "previous_md5": "fac195f63e94d110c2ff769dcdc1211e",
            "previous_md5_before_filters": "754151a200c188b4cf3c9cea862247ab",
            "proxy": null,
            "subtractive_selectors": [],
            "tag": "",
            "tags": [],
            "text_should_not_be_present": [],
            "time_between_check": {
                "weeks": null,
                "days": null,
                "hours": null,
                "minutes": null,
                "seconds": null
            },
            "title": null,
            "trigger_text": [],
            "url": "http://localhost:5005/test-endpoint",
            "uuid": "023f79c9-993b-483e-bfc0-f636b4917f4b",
            "webdriver_delay": null,
            "webdriver_js_execute_code": null,
            "last_notification_error": false,
            "content_type": "text/html",
            "last_check_status": 200,
            "fetch_time": 0.046
        }
    },
    "settings": {
        "headers": {},
        "requests": {
            "extra_proxies": [],
            "jitter_seconds": 0,
            "proxy": null,
            "time_between_check": {
                "weeks": null,
                "days": null,
                "hours": 3,
                "minutes": null,
                "seconds": null
            },
            "timeout": 45,
            "workers": 10
        },
        "application": {
            "api_access_token_enabled": true,
            "base_url": "",
            "empty_pages_are_a_change": false,
            "extract_title_as_title": false,
            "fetch_backend": "html_requests",
            "filter_failure_notification_threshold_attempts": 6,
            "global_ignore_text": [],
            "global_subtractive_selectors": [],
            "ignore_whitespace": true,
            "notification_body": "{{watch_url}} had a change.\n---\n{{diff}}\n---\n",
            "notification_format": "Text",
            "notification_title": "ChangeDetection.io Notification - {{watch_url}}",
            "notification_urls": [],
            "pager_size": 50,
            "password": false,
            "render_anchor_tag_content": false,
            "schema_version": 11,
            "shared_diff_access": false,
            "webdriver_delay": null,
            "tags": {},
            "rss_access_token": "b2b90d488db89cf0f3a7422c1edc5fdc",
            "api_access_token": "836b9a560cdb30eef1b193d0c1d10599"
        }
    },
    "version_tag": "0.0.0",
    "app_guid": "test-ba79e289-49c3-4582-a436-2296791525db"
}